--
-- PostgreSQL database dump
--

-- Dumped from database version 9.4.10
-- Dumped by pg_dump version 9.4.10
-- Started on 2017-03-05 20:47:15 MSK

SET statement_timeout = 0;
SET lock_timeout = 0;
SET client_encoding = 'UTF8';
SET standard_conforming_strings = on;
SET check_function_bodies = false;
SET client_min_messages = warning;

--
-- TOC entry 8 (class 2615 OID 16410)
-- Name: fin_tbls; Type: SCHEMA; Schema: -; Owner: pi
--

CREATE SCHEMA fin_tbls;


ALTER SCHEMA fin_tbls OWNER TO pi;

--
-- TOC entry 1 (class 3079 OID 11863)
-- Name: plpgsql; Type: EXTENSION; Schema: -; Owner: 
--

CREATE EXTENSION IF NOT EXISTS plpgsql WITH SCHEMA pg_catalog;


--
-- TOC entry 2036 (class 0 OID 0)
-- Dependencies: 1
-- Name: EXTENSION plpgsql; Type: COMMENT; Schema: -; Owner: 
--

COMMENT ON EXTENSION plpgsql IS 'PL/pgSQL procedural language';


SET search_path = fin_tbls, pg_catalog;

SET default_tablespace = '';

SET default_with_oids = false;

--
-- TOC entry 177 (class 1259 OID 16428)
-- Name: account_type; Type: TABLE; Schema: fin_tbls; Owner: pi; Tablespace: 
--

CREATE TABLE account_type (
    acc_id integer NOT NULL,
    account character varying(100)
);


ALTER TABLE account_type OWNER TO pi;

--
-- TOC entry 176 (class 1259 OID 16426)
-- Name: account_type_acc_id_seq; Type: SEQUENCE; Schema: fin_tbls; Owner: pi
--

CREATE SEQUENCE account_type_acc_id_seq
    START WITH 1
    INCREMENT BY 1
    NO MINVALUE
    NO MAXVALUE
    CACHE 1;


ALTER TABLE account_type_acc_id_seq OWNER TO pi;

--
-- TOC entry 2037 (class 0 OID 0)
-- Dependencies: 176
-- Name: account_type_acc_id_seq; Type: SEQUENCE OWNED BY; Schema: fin_tbls; Owner: pi
--

ALTER SEQUENCE account_type_acc_id_seq OWNED BY account_type.acc_id;


--
-- TOC entry 175 (class 1259 OID 16422)
-- Name: expence_categorie; Type: TABLE; Schema: fin_tbls; Owner: pi; Tablespace: 
--

CREATE TABLE expence_categorie (
    cat_id integer NOT NULL,
    categorie character varying(100)
);


ALTER TABLE expence_categorie OWNER TO pi;

--
-- TOC entry 174 (class 1259 OID 16420)
-- Name: expence_categorie_cat_id_seq; Type: SEQUENCE; Schema: fin_tbls; Owner: pi
--

CREATE SEQUENCE expence_categorie_cat_id_seq
    START WITH 1
    INCREMENT BY 1
    NO MINVALUE
    NO MAXVALUE
    CACHE 1;


ALTER TABLE expence_categorie_cat_id_seq OWNER TO pi;

--
-- TOC entry 2038 (class 0 OID 0)
-- Dependencies: 174
-- Name: expence_categorie_cat_id_seq; Type: SEQUENCE OWNED BY; Schema: fin_tbls; Owner: pi
--

ALTER SEQUENCE expence_categorie_cat_id_seq OWNED BY expence_categorie.cat_id;


--
-- TOC entry 179 (class 1259 OID 16479)
-- Name: transactions; Type: TABLE; Schema: fin_tbls; Owner: pi; Tablespace: 
--

CREATE TABLE transactions (
    trn_id integer NOT NULL,
    trn_date date NOT NULL,
    categorie integer NOT NULL,
    summ numeric NOT NULL,
    account integer NOT NULL,
    note character varying(100)
);


ALTER TABLE transactions OWNER TO pi;

--
-- TOC entry 178 (class 1259 OID 16477)
-- Name: transactions_trn_id_seq; Type: SEQUENCE; Schema: fin_tbls; Owner: pi
--

CREATE SEQUENCE transactions_trn_id_seq
    START WITH 1
    INCREMENT BY 1
    NO MINVALUE
    NO MAXVALUE
    CACHE 1;


ALTER TABLE transactions_trn_id_seq OWNER TO pi;

--
-- TOC entry 2039 (class 0 OID 0)
-- Dependencies: 178
-- Name: transactions_trn_id_seq; Type: SEQUENCE OWNED BY; Schema: fin_tbls; Owner: pi
--

ALTER SEQUENCE transactions_trn_id_seq OWNED BY transactions.trn_id;


--
-- TOC entry 1902 (class 2604 OID 16431)
-- Name: acc_id; Type: DEFAULT; Schema: fin_tbls; Owner: pi
--

ALTER TABLE ONLY account_type ALTER COLUMN acc_id SET DEFAULT nextval('account_type_acc_id_seq'::regclass);


--
-- TOC entry 1901 (class 2604 OID 16425)
-- Name: cat_id; Type: DEFAULT; Schema: fin_tbls; Owner: pi
--

ALTER TABLE ONLY expence_categorie ALTER COLUMN cat_id SET DEFAULT nextval('expence_categorie_cat_id_seq'::regclass);


--
-- TOC entry 1903 (class 2604 OID 16482)
-- Name: trn_id; Type: DEFAULT; Schema: fin_tbls; Owner: pi
--

ALTER TABLE ONLY transactions ALTER COLUMN trn_id SET DEFAULT nextval('transactions_trn_id_seq'::regclass);


--
-- TOC entry 2026 (class 0 OID 16428)
-- Dependencies: 177
-- Data for Name: account_type; Type: TABLE DATA; Schema: fin_tbls; Owner: pi
--

COPY account_type (acc_id, account) FROM stdin;
1	наличные
2	кредитная карта
3	дебетная карта
4	зарплатная карта
\.


--
-- TOC entry 2040 (class 0 OID 0)
-- Dependencies: 176
-- Name: account_type_acc_id_seq; Type: SEQUENCE SET; Schema: fin_tbls; Owner: pi
--

SELECT pg_catalog.setval('account_type_acc_id_seq', 4, true);


--
-- TOC entry 2024 (class 0 OID 16422)
-- Dependencies: 175
-- Data for Name: expence_categorie; Type: TABLE DATA; Schema: fin_tbls; Owner: pi
--

COPY expence_categorie (cat_id, categorie) FROM stdin;
1	Автомобиль
2	Продукты
3	развлечения
4	Кафе и рестораны
5	Обед на работе
6	Инвестиции
7	Бензин
8	Учёба
9	Промтовары
10	Подарки
11	Квартплата
12	Банк.комиссия
13	Мобильник
14	Интернет
15	Парковка
16	Медицина
17	Транспорт
18	Услуги
19	самолет
20	Гостиница
21	Поезд
22	Другое
23	Спорт
24	Чаевые
\.


--
-- TOC entry 2041 (class 0 OID 0)
-- Dependencies: 174
-- Name: expence_categorie_cat_id_seq; Type: SEQUENCE SET; Schema: fin_tbls; Owner: pi
--

SELECT pg_catalog.setval('expence_categorie_cat_id_seq', 24, true);


--
-- TOC entry 2028 (class 0 OID 16479)
-- Dependencies: 179
-- Data for Name: transactions; Type: TABLE DATA; Schema: fin_tbls; Owner: pi
--

COPY transactions (trn_id, trn_date, categorie, summ, account, note) FROM stdin;
1	2016-01-01	3	150.00	1	Суздаль
2	2016-01-01	23	950.00	1	Суздаль
3	2016-01-04	2	1350.00	1	Икра
4	2016-01-11	5	281.00	1	Апельсин
5	2016-01-12	5	297.00	1	Апельсин
6	2016-01-14	5	297.00	1	Апельсин
7	2016-01-18	10	100.00	1	на работе
8	2016-01-19	5	293.00	1	Апельсин
9	2016-01-21	4	100.00	1	кофе
10	2016-01-22	5	48.00	1	Стекляшка
11	2016-01-22	10	100.00	1	на работе
12	2016-01-28	5	289.00	1	Апельсин
13	2016-02-01	10	100.00	1	на работе
14	2016-02-08	5	263.00	1	Апельсин
15	2016-02-09	5	313.00	1	Апельсин
16	2016-02-09	10	100.00	1	на работе
17	2016-02-11	5	324.00	1	Апельсин
18	2016-02-16	5	325.00	1	Апельсин
19	2016-03-29	5	296.00	1	Апельсин
20	2016-01-01	4	340.00	3	Суздаль
21	2016-01-01	14	600.00	3	
22	2016-01-01	13	50.00	3	Мне
23	2016-01-01	4	110.00	3	Суздаль
24	2016-01-28	12	59.00	4	Карты+
25	2016-02-18	5	329.00	1	Апельсин
26	2016-02-20	5	305.00	1	Апельсин
27	2016-02-27	18	400.00	1	Стрижка
28	2016-02-29	5	253.00	1	Апельсин
29	2016-03-01	5	310.00	1	Апельсин
30	2016-03-03	5	353.00	1	Апельсин
31	2016-03-09	5	234.00	1	Апельсин
32	2016-03-09	10	100.00	1	на работе
33	2016-03-15	5	338.00	1	Апельсин
34	2016-03-16	5	307.00	1	Апельсин
35	2016-03-17	5	324.00	1	Апельсин
36	2016-03-17	10	100.00	1	на работе
37	2016-03-18	5	341.00	1	Апельсин
38	2016-03-20	4	700.00	1	в театре
39	2016-03-21	5	77.00	1	Стекляшка
40	2016-03-22	5	337.00	1	Апельсин
41	2016-03-26	9	13000.00	1	Телефон Н
42	2016-03-27	4	300.00	1	в Рольфе
43	2016-03-27	4	220.00	1	в Рольфе
44	2016-03-27	4	45.00	1	в Рольфе
45	2016-03-28	5	77.00	1	Стекляшка
46	2016-02-17	5	65.00	3	Стекляшка
47	2016-02-19	5	68.00	3	Стекляшка
48	2016-02-22	7	1000.00	3	
49	2016-02-22	2	5916.00	3	7 Континент
50	2016-02-24	5	65.00	3	Стекляшка
51	2016-02-25	5	325.00	3	Столовер
52	2016-02-26	5	67.00	3	Стекляшка
53	2016-02-28	2	5672.00	3	7 Континент
54	2016-02-28	12	179.00	3	по тарифу
55	2016-02-28	4	1651.00	3	coffee bean
56	2016-02-28	12	59.00	4	Карты+
57	2016-03-28	12	59.00	4	Карты+
58	2016-03-29	10	100.00	1	на работе
59	2016-03-30	4	100.00	1	в МЭС
60	2016-03-30	5	326.00	1	Апельсин
61	2016-04-01	5	342.00	1	Апельсин
62	2016-04-02	4	600.00	1	в театре
63	2016-04-04	10	100.00	1	на работе
64	2016-03-04	10	100.00	1	на работе
65	2016-03-04	5	330.00	1	Апельсин
66	2016-03-05	5	300.00	1	Апельсин
67	2016-04-07	5	308.00	1	Апельсин
68	2016-04-08	10	100.00	1	на работе
69	2016-04-15	4	600.00	1	в театре
70	2016-04-18	5	333.00	1	Апельсин
71	2016-04-19	5	300.00	1	Апельсин
72	2016-04-20	10	100.00	1	на работе
73	2016-04-21	8	3000.00	1	Учебники М
74	2016-04-21	5	364.00	1	Апельсин
75	2016-04-23	22	50.00	1	ДТМ
76	2016-04-26	5	396.00	1	Апельсин
77	2016-04-28	5	322.00	1	Апельсин
78	2016-05-04	5	323.00	1	Апельсин
79	2016-05-04	10	200.00	1	на работе
80	2016-04-02	2	1896.00	2	азбука вкуса
81	2016-03-31	5	77.00	3	Стекляшка
82	2016-04-01	14	600.00	3	
83	2016-04-01	13	50.00	3	Мне
84	2016-04-02	7	1000.00	3	роснефть
85	2016-04-02	2	913.80	3	верный
86	2016-04-05	4	318.00	3	Прайм
87	2016-04-06	5	127.00	3	Стекляшка
88	2016-04-07	4	278.00	3	Прайм
89	2016-04-08	5	247.00	3	азбука вкуса
90	2016-04-08	3	1600.00	3	Опера
91	2016-04-09	2	4175.00	3	7 Континент
92	2016-04-11	13	100.00	3	М
93	2016-04-28	12	59.00	4	Карты+
94	2016-05-02	4	100.00	1	ошибка?
95	2016-05-02	24	250.00	1	Питер. Май
96	2016-05-05	5	255.00	1	Апельсин
97	2016-05-06	5	307.00	1	Апельсин
98	2016-05-10	5	266.00	1	Апельсин
99	2016-05-12	5	338.00	1	Апельсин
100	2016-05-14	2	290.00	1	Дикси
101	2016-05-14	24	150.00	1	Алло пицца
102	2016-05-17	5	282.00	1	Апельсин
103	2016-05-19	5	307.00	1	Апельсин
104	2016-05-23	5	334.00	1	Апельсин
105	2016-05-24	5	297.00	1	Апельсин
106	2016-05-26	5	279.00	1	Апельсин
107	2016-05-26	3	1100.00	1	М
108	2016-05-15	16	3705.00	2	Стоматология
109	2016-05-19	12	59.00	2	альфа-чек
110	2016-05-01	13	50.00	3	Питер. Май
111	2016-05-01	14	600.00	3	Питер. Май
112	2016-05-02	4	100.00	3	Питер. Май
113	2016-04-30	3	1200.00	3	Питер. Май
114	2016-04-30	3	350.00	3	Питер. Май
115	2016-04-30	4	980.00	3	Питер. Май
116	2016-05-02	3	900.00	3	Питер. Май
117	2016-05-02	4	3590.00	3	Питер. Май
118	2016-05-02	2	81.00	3	Питер. Май
119	2016-05-02	4	200.00	3	Питер. Май
120	2016-05-18	2	399.00	3	АМ
121	2016-05-31	5	304.00	1	Апельсин
122	2016-05-31	10	100.00	1	на работе
123	2016-06-02	5	289.00	1	Апельсин
124	2016-06-02	10	100.00	1	на работе
125	2016-06-14	10	200.00	1	на работе
126	2016-06-14	5	469.00	1	Апельсин
127	2016-06-16	5	317.00	1	Апельсин
128	2016-06-18	18	400.00	1	Стрижка
129	2016-05-29	16	5985.00	2	Стоматология
130	2016-06-04	11	6197.06	2	Квартплата
131	2016-05-28	2	520.70	3	Дикси
132	2016-05-29	2	73.50	3	Дикси
133	2016-05-29	2	1707.19	3	Дикси
134	2016-05-28	12	59.00	4	Карты+
135	2016-06-23	5	332.00	1	Апельсин
136	2016-06-26	2	100.00	1	сок
137	2016-06-28	5	333.00	1	Апельсин
138	2016-07-03	4	100.00	1	Фили
139	2016-07-04	10	100.00	1	на работе
140	2016-07-11	16	1170.00	1	Стоматология
141	2016-07-13	10	100.00	1	на работе
142	2016-07-16	4	150.00	1	Фили
143	2016-06-22	2	494.40	3	Дикси
144	2016-06-23	2	149.00	3	АМ
145	2016-06-24	5	69.00	3	Стекляшка
146	2016-06-24	4	385.00	3	Прайм
147	2016-07-06	12	59.00	4	Карты+
148	2016-07-18	16	995.00	1	Стоматология
149	2016-07-19	5	360.00	1	Апельсин
150	2016-07-19	4	200.00	1	мороженное
151	2016-07-21	5	416.00	1	Апельсин
152	2016-07-25	16	3350.00	1	Стоматология
153	2016-07-27	18	350.00	1	Стрижка
154	2016-07-31	1	3000.00	1	Крым
155	2016-07-31	24	100.00	1	Крым
156	2016-08-01	24	200.00	1	Крым
157	2016-08-01	4	2300.00	1	Крым
158	2016-08-01	2	277.00	1	Крым
159	2016-08-01	3	300.00	1	Крым
160	2016-08-01	4	450.00	1	Крым
161	2016-08-01	15	300.00	1	Крым
162	2016-08-02	4	270.00	1	Крым
163	2016-08-02	4	2390.00	1	Крым
164	2016-08-02	24	200.00	1	Крым
165	2016-08-02	2	400.00	1	Крым
166	2016-08-02	2	257.00	1	Крым
167	2016-08-02	2	224.00	1	Крым
168	2016-08-02	2	410.00	1	Крым
169	2016-08-03	16	600.00	1	Крым
170	2016-08-03	3	700.00	1	Крым
171	2016-08-03	4	1740.00	1	Крым
172	2016-08-03	24	260.00	1	Крым
173	2016-08-03	7	1200.00	1	Крым
174	2016-08-04	24	100.00	1	Крым
175	2016-08-04	4	510.00	1	Крым
176	2016-08-04	24	40.00	1	Крым
177	2016-08-04	4	250.00	1	Крым
178	2016-08-04	2	350.00	1	Крым
179	2016-08-04	4	4820.00	1	Крым
180	2016-08-04	24	500.00	1	Крым
181	2016-08-05	4	3750.00	1	Крым
182	2016-08-05	24	400.00	1	Крым
183	2016-07-17	4	285.00	3	Starbaks
184	2016-07-17	4	135.00	3	Starbaks
185	2016-07-17	2	61.80	3	дикси
186	2016-07-18	5	548.00	3	Прайм
187	2016-07-18	4	410.00	3	булочная №5
188	2016-07-18	2	39.80	3	Дикси
189	2016-07-19	2	149.00	3	АМ
190	2016-07-20	5	548.00	3	Прайм
191	2016-07-21	2	199.80	3	Дикси
192	2016-07-22	5	588.00	3	Прайм
193	2016-07-22	2	406.30	3	Дикси
194	2016-07-24	2	621.12	3	Билла
195	2016-08-06	12	59.00	4	Карты+
196	2016-08-06	4	500.00	1	Крым
197	2016-08-06	4	5400.00	1	Крым
198	2016-08-06	24	600.00	1	Крым
199	2016-08-07	24	100.00	1	Крым
200	2016-08-07	4	220.00	1	Крым
201	2016-08-07	2	558.00	1	Крым
202	2016-08-07	3	1000.00	1	Крым
203	2016-08-07	15	150.00	1	Крым
204	2016-08-07	7	1250.00	1	Крым
205	2016-08-08	4	600.00	1	Крым
206	2016-08-08	4	5500.00	1	Крым
207	2016-08-08	24	600.00	1	Крым
208	2016-08-09	22	10.00	1	Крым
209	2016-08-09	4	6500.00	1	Крым
210	2016-08-09	24	700.00	1	Крым
211	2016-08-10	4	550.00	1	Крым
212	2016-08-10	24	50.00	1	Крым
213	2016-08-10	24	100.00	1	Крым
214	2016-08-10	15	200.00	1	Крым
215	2016-08-10	10	200.00	1	Крым
216	2016-08-10	2	489.00	1	Крым
217	2016-08-10	4	4050.00	1	Крым
218	2016-08-10	24	400.00	1	Крым
219	2016-08-11	4	150.00	1	Крым
220	2016-08-11	15	200.00	1	Крым
221	2016-08-11	4	230.00	1	Крым
222	2016-08-11	4	400.00	1	Крым
223	2016-08-11	24	4050.00	1	Крым
224	2016-08-12	4	200.00	1	Крым
225	2016-08-12	4	5750.00	1	Крым
226	2016-08-12	24	600.00	1	Крым
227	2016-08-13	4	360.00	1	Крым
228	2016-08-13	7	800.00	1	Крым
229	2016-08-13	22	2000.00	1	Крым
230	2016-08-13	4	200.00	1	Крым.Багаж
231	2016-08-16	5	375.00	1	Апельсин
232	2016-04-30	17	100.00	1	Питер. Май
233	2016-04-30	4	1180.00	1	Питер. Май
234	2016-04-30	4	300.00	1	Питер. Май
235	2016-04-30	17	140.00	1	Питер. Май
236	2016-04-30	3	200.00	1	Питер. Май
237	2016-04-30	4	230.00	1	Питер. Май
238	2016-04-30	4	30.00	1	Питер. Май
239	2016-05-01	4	1370.00	1	Питер. Май
240	2016-05-01	10	250.00	1	Питер. Май
241	2016-05-01	3	1950.00	1	Питер. Май
242	2016-05-01	3	1850.00	1	Питер. Май
243	2016-05-01	24	200.00	1	Питер. Май
244	2016-04-30	3	1200.00	1	Питер. Май
245	2016-05-02	4	20.00	1	Питер. Май
246	2016-05-02	3	150.00	1	Питер. Май
247	2016-05-02	17	90.00	1	Питер. Май
248	2016-06-06	5	283.00	1	Апельсин
249	2016-06-06	10	100.00	1	на работе
250	2016-06-07	10	100.00	1	на работе
251	2016-08-21	2	272.60	2	Дикси
252	2016-08-14	2	892.50	3	Дикси
253	2016-08-15	5	110.00	3	Стекляшка
254	2016-06-09	5	316.00	1	Апельсин
255	2016-08-09	4	800.00	1	Крым
256	2016-01-18	20	15527.00	2	Питер. Май
257	2016-01-19	12	59.00	2	альфа-чек
258	2016-01-30	9	10279.00	2	Обувь
259	2016-02-14	9	18950.00	2	Видеокарта
260	2016-02-29	10	21040.00	2	компьютер H
261	2016-02-19	12	59.00	2	альфа-чек
262	2016-03-03	21	9675.90	2	Питер. Май
263	2016-03-07	21	10643.70	2	Питер. Май
264	2016-03-19	9	27615.00	2	Одежда
265	2016-03-26	9	13240.00	2	Обувь
266	2016-03-26	9	2460.00	2	Пост. Бельё
267	2016-03-27	1	3359.00	2	Хранение шин
268	2016-03-27	1	1687.00	2	шиномонтаж
269	2016-03-20	12	59.00	2	альфа-чек
270	2016-04-03	2	5035.00	2	7 Континент
271	2016-04-11	16	1990.00	2	Стоматология
272	2016-04-13	16	3425.00	2	Стоматология
273	2016-04-17	16	2445.00	2	Стоматология
274	2016-04-19	11	1257.50	2	Электричество
275	2016-04-19	12	59.00	2	альфа-чек
276	2016-04-24	16	3645.00	2	Стоматология
277	2016-04-19	12	59.00	2	альфа-чек
278	2016-04-25	21	10282.20	2	Н и М Питер
279	2016-04-25	20	17516.00	2	Н и М Питер
280	2016-06-22	9	15990.00	2	телефон мне
281	2016-06-19	12	59.00	2	альфа-чек
282	2016-06-06	12	29.00	2	Квартплата
283	2016-06-03	12	1225.00	2	по тарифу
284	2016-07-20	4	348.00	2	Прайм
285	2016-07-20	2	475.20	2	Дикси
286	2016-07-19	12	59.00	2	альфа-чек
287	2016-07-30	9	10585.00	2	ботинки
288	2016-07-30	9	3697.00	2	одежда
289	2016-07-30	9	599.00	2	одежда
290	2016-07-30	10	1158.20	2	Детский мир
291	2016-07-30	9	5820.00	2	одежда
292	2016-07-30	7	1620.04	2	лукойл
293	2016-07-31	19	340401.00	2	Крым
294	2016-07-31	15	2800.00	2	Крым
295	2016-07-31	1	15576.00	2	Крым
296	2016-08-19	12	59.00	2	альфа-чек
297	2016-01-02	4	305.00	3	Суздаль
298	2016-01-02	7	1531.63	3	Суздаль
299	2016-01-03	2	4365.00	3	7 Континент
300	2016-01-04	9	11780.00	3	монитор
301	2016-01-05	2	355.00	3	7 Континент
302	2016-01-05	2	162.74	3	Билла
303	2016-01-07	2	1575.70	3	Билла
304	2016-01-07	2	110.00	3	7 Континент
305	2016-01-08	10	1706.00	3	
306	2016-01-10	2	7836.00	3	7 Континент
307	2016-01-12	4	288.00	3	Прайм
308	2016-01-13	5	45.00	3	Стекляшка
309	2016-01-14	4	264.00	3	Прайм
310	2016-01-15	5	518.00	3	Прайм
311	2016-01-15	4	278.00	3	Прайм
312	2016-01-16	2	355.00	3	7 Континент
313	2016-01-17	7	1000.00	3	
314	2016-01-17	2	7075.00	3	7 Континент
315	2016-01-18	13	100.00	3	М
316	2016-01-18	5	48.00	3	Стекляшка
317	2016-01-18	11	1529.12	3	Электричество
318	2016-01-20	5	71.00	3	Стекляшка
319	2016-01-21	5	320.00	3	Столовер
320	2016-01-24	2	4383.00	3	7 Континент
321	2016-01-24	7	999.69	3	Газпромнефть
322	2016-01-25	5	71.00	3	Стекляшка
323	2016-01-26	5	315.00	3	Столовер
324	2016-01-27	5	45.00	3	Стекляшка
325	2016-01-29	5	75.00	3	Стекляшка
326	2016-01-29	12	179.00	3	по тарифу
327	2016-01-31	2	6692.00	3	7 Континент
328	2016-02-01	13	50.00	3	мне
329	2016-02-01	14	600.00	3	
330	2016-02-01	5	518.00	3	Прайм
331	2016-02-02	5	240.00	3	Viet café
332	2016-02-02	4	516.00	3	coffee bean
333	2016-02-03	5	45.00	3	Стекляшка
334	2016-02-04	5	538.00	3	Прайм
335	2016-02-05	5	48.00	3	Стекляшка
336	2016-02-07	7	1000.00	3	
337	2016-02-07	2	5077.00	3	7 Континент
338	2016-02-08	5	115.00	3	Стекляшка
339	2016-02-11	13	100.00	3	М
340	2016-02-12	5	45.00	3	Стекляшка
341	2016-02-11	4	254.00	3	Прайм
342	2016-02-12	5	518.00	3	Прайм
343	2016-02-14	2	9594.00	3	7 Континент
344	2016-02-15	5	45.00	3	Стекляшка
345	2016-02-16	11	1272.59	3	Электричество
346	2016-03-01	14	600.00	3	
347	2016-03-01	13	50.00	3	мне
348	2016-03-02	4	264.00	3	Прайм
349	2016-03-02	5	90.00	3	Стекляшка
350	2016-02-29	3	2600.00	3	Опера
351	2016-03-03	4	264.00	3	Прайм
352	2016-03-04	5	66.00	3	Стекляшка
353	2016-03-04	4	264.00	3	Прайм
354	2016-03-04	2	831.00	3	Палыч
355	2016-03-05	2	521.00	3	7 Континент
356	2016-03-07	7	1000.00	3	роснефть
357	2016-03-07	2	1063.52	3	Билла
358	2016-03-08	10	265.00	3	компьютер H
359	2016-03-09	2	3130.00	3	7 Континент
360	2016-03-10	5	518.00	3	Прайм
361	2016-03-10	4	268.00	3	Прайм
362	2016-03-11	5	420.00	3	Фо Бо
363	2016-03-11	3	5000.00	3	Опера
364	2016-03-12	2	2099.00	3	7 Континент
365	2016-03-13	2	9204.00	3	7 Континент
366	2016-03-14	5	518.00	3	Прайм
367	2016-03-18	11	1398.34	3	Электричество
368	2016-03-19	7	1000.00	3	роснефть
369	2016-03-19	2	4911.00	3	7 Континент
370	2016-03-22	4	328.00	3	Прайм
371	2016-03-23	5	63.00	3	Стекляшка
372	2016-03-23	5	74.00	3	Стекляшка
373	2016-03-24	5	558.00	3	Прайм
374	2016-03-25	5	129.00	3	Стекляшка
375	2016-03-26	7	1000.00	3	роснефть
376	2016-03-27	2	5554.00	3	7 Континент
377	2016-03-27	12	179.00	3	по тарифу
378	2016-04-12	8	1000.00	3	конкурс М
379	2016-04-13	7	1000.00	3	роснефть
380	2016-04-12	12	20.00	3	конкурс М
381	2016-04-13	2	983.00	3	Пятёрочка
382	2016-04-16	4	1184.00	3	coffee bean
383	2016-04-16	2	4129.00	3	Пятёрочка
384	2016-04-17	7	1000.00	3	роснефть
385	2016-04-17	2	2355.73	3	Билла
386	2016-04-17	2	493.93	3	Детский мир
387	2016-04-19	4	318.00	3	Прайм
388	2016-04-21	10	2126.60	3	на работе
389	2016-04-22	5	56.00	3	Стекляшка
390	2016-04-22	5	96.50	3	Магнолия
391	2016-04-24	4	1672.00	3	coffee bean
392	2016-04-24	2	4131.00	3	7 Континент
393	2016-04-25	5	63.00	3	Стекляшка
394	2016-04-25	13	100.00	3	М
395	2016-04-25	13	100.00	3	мне
396	2016-04-25	1	252.50	3	штраф
397	2016-04-27	5	60.00	3	Стекляшка
398	2016-04-27	5	96.50	3	Магнолия
399	2016-04-27	2	829.00	3	АМ
400	2016-04-28	2	59.80	3	Дикси
401	2016-04-29	5	63.00	3	Стекляшка
402	2016-04-29	5	70.50	3	Магнолия
403	2016-04-27	12	179.00	3	по тарифу
404	2016-05-03	4	400.00	3	Питер. Май
405	2016-05-03	4	120.00	3	Питер. Май
406	2016-05-03	2	1654.00	3	азбука вкуса
407	2016-05-02	4	770.00	3	Питер. Май
408	2016-05-02	4	295.00	3	Питер. Май
409	2016-05-03	4	4790.00	3	Питер. Май
410	2016-05-06	5	31.80	3	Атак
411	2016-05-06	2	332.60	3	дикси
412	2016-05-07	2	579.00	3	7 Континент
413	2016-05-09	7	1000.00	3	роснефть
414	2016-05-09	2	2061.00	3	7 Континент
415	2016-05-11	5	285.50	3	Стекляшка
416	2016-05-11	5	80.00	3	Стекляшка
417	2016-05-13	5	90.00	3	Стекляшка
418	2016-05-13	2	248.80	3	Дикси
419	2016-05-14	4	1350.00	3	Алло пицца
420	2016-05-15	2	83.70	3	Дикси
421	2016-05-15	2	356.59	3	fixprice
422	2016-05-15	2	5553.00	3	7 Континент
423	2016-05-16	5	119.00	3	Стекляшка
424	2016-05-18	11	980.85	3	Электричество
425	2016-05-18	5	60.00	3	Стекляшка
426	2016-05-18	5	32.00	3	Стекляшка
427	2016-05-19	4	318.00	3	Прайм
428	2016-05-20	5	76.00	3	Стекляшка
429	2016-05-20	5	320.00	3	Круассан
430	2016-05-20	16	214.00	3	Аптека
431	2016-05-21	7	1000.00	3	роснефть
432	2016-05-22	2	4595.00	3	7 Континент
433	2016-05-24	4	318.00	3	Прайм
434	2016-05-25	5	76.00	3	Стекляшка
435	2016-05-25	2	548.00	3	АМ
436	2016-05-26	5	46.60	3	Атак
437	2016-05-27	5	73.00	3	Стекляшка
438	2016-05-27	12	179.00	3	по тарифу
439	2016-05-27	5	32.00	3	Стекляшка
440	2016-05-27	13	100.00	3	М
441	2016-05-30	5	74.00	3	Стекляшка
442	2016-05-30	5	64.00	3	Стекляшка
443	2016-05-31	5	31.80	3	Атак
444	2016-05-31	2	564.00	3	АМ
445	2016-05-31	2	129.30	3	Дикси
446	2016-06-01	5	76.00	3	Стекляшка
447	2016-06-01	13	50.00	3	мне
448	2016-06-01	14	600.00	3	
449	2016-06-01	5	96.50	3	Магнолия
450	2016-06-01	2	720.80	3	дикси
451	2016-06-02	2	318.90	3	дикси
452	2016-06-03	5	79.00	3	Стекляшка
453	2016-06-03	4	288.00	3	Прайм
454	2016-06-03	2	675.30	3	дикси
455	2016-06-03	15	300.00	3	вокзал
456	2016-06-04	7	999.80	3	лукойл
457	2016-06-04	2	575.30	3	дикси
458	2016-06-06	2	460.60	3	дикси
459	2016-06-06	4	328.00	3	Прайм
460	2016-06-07	5	508.00	3	Прайм
461	2016-06-07	4	238.00	3	Прайм
462	2016-06-07	2	666.60	3	дикси
463	2016-06-08	4	548.00	3	Прайм
464	2016-06-08	2	641.20	3	дикси
465	2016-06-09	2	266.70	3	дикси
466	2016-06-10	5	76.00	3	Стекляшка
467	2016-06-10	4	320.00	3	Мост
468	2016-06-10	2	593.00	3	7 Континент
469	2016-06-11	2	515.40	3	дикси
470	2016-06-12	4	470.00	3	Хлеб и Ко
471	2016-06-12	2	126.70	3	дикси
472	2016-06-13	4	150.00	3	costa coffee
473	2016-06-13	2	122.60	3	дикси
474	2016-06-14	5	46.60	3	Атак
475	2016-06-14	2	250.30	3	дикси
476	2016-06-15	5	48.00	3	Стекляшка
477	2016-06-15	5	90.00	3	Стекляшка
478	2016-06-15	4	507.00	3	Прайм
479	2016-06-15	2	480.40	3	дикси
480	2016-06-16	2	309.60	3	дикси
481	2016-06-16	11	905.40	3	Электричество
482	2016-06-17	5	48.00	3	Стекляшка
483	2016-06-17	4	348.00	3	Прайм
484	2016-06-17	2	582.30	3	Дикси
485	2016-06-18	4	115.00	3	costa coffee
486	2016-06-19	16	2325.00	3	Стоматология
487	2016-06-19	2	280.53	3	Дикси
488	2016-06-19	4	150.00	3	coffee & milk
489	2016-06-19	2	37.90	3	Билла
490	2016-06-19	4	215.00	3	Starbaks
491	2016-06-19	2	541.90	3	Дикси
492	2016-06-20	5	48.00	3	Стекляшка
493	2016-06-20	4	700.00	3	китайчи
494	2016-06-20	2	80.70	3	Дикси
495	2016-06-21	5	468.00	3	Прайм
496	2016-06-21	2	149.00	3	АМ
497	2016-06-22	5	76.00	3	Стекляшка
498	2016-06-22	4	348.00	3	Прайм
499	2016-07-16	2	578.52	3	Билла
500	2016-06-24	2	225.00	3	Дикси
501	2016-06-25	4	215.00	3	Starbaks
502	2016-06-25	2	312.80	3	Дикси
503	2016-06-26	13	300.00	3	мне
504	2016-06-26	2	976.90	3	Дикси
505	2016-06-26	3	1200.00	3	москвариум
506	2016-06-26	2	41.00	3	7 Континент
507	2016-06-27	5	518.00	3	Прайм
508	2016-06-27	5	95.00	3	Стекляшка
509	2016-06-27	5	73.00	3	Стекляшка
510	2016-06-27	12	179.00	3	по тарифу
511	2016-06-28	5	51.00	3	Стекляшка
512	2016-06-28	4	388.00	3	Прайм
513	2016-06-28	2	388.80	3	Дикси
514	2016-06-28	11	5958.62	3	Квартплата
515	2016-06-29	5	95.00	3	Стекляшка
516	2016-06-28	12	29.00	3	Квартплата
517	2016-06-29	4	568.00	3	Прайм
518	2016-06-29	2	163.90	3	Дикси
519	2016-06-30	5	487.00	3	Прайм
520	2016-06-30	4	507.00	3	Прайм
521	2016-06-30	2	393.60	3	Дикси
522	2016-07-01	5	95.00	3	Стекляшка
523	2016-07-01	4	488.00	3	Прайм
524	2016-07-01	2	294.50	3	Дикси
525	2016-07-01	12	900.00	3	по тарифу
526	2016-07-02	4	135.00	3	Starbaks
527	2016-07-02	4	225.00	3	Starbaks
528	2016-07-02	2	254.70	3	дикси
529	2016-07-03	2	1323.38	3	дикси
530	2016-07-04	5	90.00	3	Стекляшка
531	2016-07-05	2	232.90	3	дикси
532	2016-07-05	5	507.00	3	Прайм
533	2016-07-04	2	305.90	3	дикси
534	2016-07-06	5	548.00	3	Прайм
535	2016-07-06	2	632.00	3	дикси
536	2016-07-07	5	548.00	3	Прайм
537	2016-07-07	4	348.00	3	Прайм
538	2016-07-07	2	364.30	3	дикси
539	2016-07-08	5	48.00	3	Стекляшка
540	2016-07-08	2	1628.25	3	дикси
541	2016-07-09	3	3400.00	3	москвариум
542	2016-07-09	4	440.00	3	москвариум
543	2016-07-09	4	150.00	3	москвариум
544	2016-07-09	2	2180.30	3	дикси
545	2016-07-09	2	133.63	3	дикси
546	2016-07-10	2	2541.00	3	7 Континент
547	2016-07-11	5	90.00	3	Стекляшка
548	2016-07-11	2	259.80	3	дикси
549	2016-07-12	5	528.00	3	Прайм
550	2016-07-12	2	89.90	3	дикси
551	2016-07-13	5	538.00	3	Прайм
552	2016-07-14	5	548.00	3	Прайм
553	2016-07-14	2	352.07	3	дикси
554	2016-07-15	5	577.00	3	Прайм
555	2016-07-15	5	84.00	3	Стекляшка
556	2016-07-16	11	796.19	3	Электричество
557	2016-07-15	4	348.00	3	Прайм
558	2016-07-23	4	140.00	3	Starbaks
559	2016-07-25	13	300.00	3	Мне
560	2016-07-25	14	350.00	3	
561	2016-07-25	5	548.00	3	Прайм
562	2016-07-25	4	410.00	3	булочная №5
563	2016-07-25	2	363.30	3	Дикси
564	2016-07-25	11	5870.19	3	Квартплата
565	2016-07-25	11	4661.92	3	Квартплата
566	2016-07-26	5	508.00	3	Прайм
567	2016-07-25	12	58.00	3	Квартплата
568	2016-07-26	2	426.10	3	Дикси
569	2016-07-27	5	80.00	3	Стекляшка
570	2016-07-27	4	348.00	3	Прайм
571	2016-07-27	2	639.00	3	торт
572	2016-07-27	2	528.40	3	Дикси
573	2016-07-28	5	507.00	3	Прайм
574	2016-07-28	12	179.00	3	по тарифу
575	2016-07-28	2	439.60	3	Дикси
576	2016-07-28	2	30.00	3	Дикси
577	2016-07-29	5	508.00	3	Прайм
578	2016-07-29	2	638.50	3	Дикси
579	2016-07-30	13	500.00	3	мне
580	2016-08-15	4	318.00	3	Прайм
581	2016-08-16	2	687.60	3	Дикси
582	2016-08-16	11	850.04	3	Электричество
583	2016-08-16	5	312.50	3	Апельсин
584	2016-08-17	4	348.00	3	Прайм
585	2016-08-17	2	223.80	3	Дикси
586	2016-08-18	5	362.00	3	Апельсин
587	2016-08-18	4	288.00	3	Прайм
588	2016-08-19	5	373.50	3	Апельсин
589	2016-08-20	2	399.20	3	Дикси
590	2016-08-20	2	340.10	3	Дикси
591	2016-08-22	2	348.83	3	Дикси
592	2016-08-23	5	406.00	3	Апельсин
593	2016-08-23	4	348.00	3	Прайм
594	2016-08-24	5	123.00	3	Стекляшка
595	2016-08-25	13	300.00	3	мне
596	2016-08-25	14	350.00	3	
597	2016-08-26	5	329.00	3	Апельсин
598	2016-08-24	2	413.70	3	Дикси
599	2016-08-26	4	308.00	3	Прайм
600	2016-08-26	2	427.80	3	Дикси
601	2016-08-29	2	915.60	3	Дикси
602	2016-08-29	12	179.00	3	по тарифу
\.


--
-- TOC entry 2042 (class 0 OID 0)
-- Dependencies: 178
-- Name: transactions_trn_id_seq; Type: SEQUENCE SET; Schema: fin_tbls; Owner: pi
--

SELECT pg_catalog.setval('transactions_trn_id_seq', 602, true);


--
-- TOC entry 1907 (class 2606 OID 16444)
-- Name: account_type_pkey; Type: CONSTRAINT; Schema: fin_tbls; Owner: pi; Tablespace: 
--

ALTER TABLE ONLY account_type
    ADD CONSTRAINT account_type_pkey PRIMARY KEY (acc_id);


--
-- TOC entry 1905 (class 2606 OID 16446)
-- Name: expence_categorie_pkey; Type: CONSTRAINT; Schema: fin_tbls; Owner: pi; Tablespace: 
--

ALTER TABLE ONLY expence_categorie
    ADD CONSTRAINT expence_categorie_pkey PRIMARY KEY (cat_id);


--
-- TOC entry 1909 (class 2606 OID 16487)
-- Name: transactions_pkey; Type: CONSTRAINT; Schema: fin_tbls; Owner: pi; Tablespace: 
--

ALTER TABLE ONLY transactions
    ADD CONSTRAINT transactions_pkey PRIMARY KEY (trn_id);


--
-- TOC entry 1910 (class 1259 OID 16488)
-- Name: trn_fk1; Type: INDEX; Schema: fin_tbls; Owner: pi; Tablespace: 
--

CREATE INDEX trn_fk1 ON transactions USING btree (account);


--
-- TOC entry 1911 (class 1259 OID 16489)
-- Name: trn_fk2; Type: INDEX; Schema: fin_tbls; Owner: pi; Tablespace: 
--

CREATE INDEX trn_fk2 ON transactions USING btree (categorie);


--
-- TOC entry 1912 (class 2606 OID 16490)
-- Name: acc_fk; Type: FK CONSTRAINT; Schema: fin_tbls; Owner: pi
--

ALTER TABLE ONLY transactions
    ADD CONSTRAINT acc_fk FOREIGN KEY (account) REFERENCES account_type(acc_id);


--
-- TOC entry 1913 (class 2606 OID 16495)
-- Name: cat_fk; Type: FK CONSTRAINT; Schema: fin_tbls; Owner: pi
--

ALTER TABLE ONLY transactions
    ADD CONSTRAINT cat_fk FOREIGN KEY (categorie) REFERENCES expence_categorie(cat_id);


--
-- TOC entry 2035 (class 0 OID 0)
-- Dependencies: 6
-- Name: public; Type: ACL; Schema: -; Owner: postgres
--

REVOKE ALL ON SCHEMA public FROM PUBLIC;
REVOKE ALL ON SCHEMA public FROM postgres;
GRANT ALL ON SCHEMA public TO postgres;
GRANT ALL ON SCHEMA public TO PUBLIC;


-- Completed on 2017-03-05 20:47:15 MSK

--
-- PostgreSQL database dump complete
--

